output_id,case_id,model_name,answer_text
1,CM-001,Model_A_baseline,"根据提供的财务数据，交易金额较大，可能构成重大资产重组，需要进一步核算比例和判断是否需要走重大资产重组程序。"
2,CM-001,Model_B_rag,"依据重大资产重组管理办法，需要计算标的资产占公司总资产、营业收入、净利润、净资产的比例，并核实是否涉及控制权变更。根据现有数据，该交易可能接近认定标准，应谨慎处理，并按规定履行审议程序。"
3,CM-001,Model_C_prompt_v2,"根据《上市公司重大资产重组管理办法》，重大资产重组主要看交易金额与总资产、营业收入、净利润、净资产的比例以及是否导致控制权变更。结合提供的财务数据，交易金额分别占比约××%，接近认定阈值。建议详细测算各项指标，确认是否需履行重大资产重组审批，并准备相关公告及董事会、股东大会审议文件。"
4,FD-001,Model_A_baseline,"应收账款增加，可能说明收入真实性有风险，需要关注。应核查合同、发票等支持文件，确认回款。"
5,FD-001,Model_B_rag,"收入真实性需要审查合同、发票、发货记录和银行流水，分析应收账款增长与收入增长是否匹配。结合客户集中度和关联交易情况综合判断回款风险。"
6,FD-001,Model_C_prompt_v2,"针对收入真实性与回款异常，应逐一核对销售合同、发票、出库记录和收款记录，通过对账验证合同履行、发货与款项到帐的一致性。分析应收账款账龄结构，关注跨期确认、关联交易或提前确认收入的风险，并提出进一步函证、客户回访等核查措施。"
7,FD-002,Model_A_baseline,"存货较多且长时间未动用，可能需要计提跌价准备，应注意检查。"
8,FD-002,Model_B_rag,"根据会计准则，存货应以成本与可变现净值孰低计量，对长期存放的存货应当评估是否存在减值迹象。需要检查库存台账、库龄分析和市场价格信息，并结合盘点情况确认减值准备。"
9,FD-002,Model_C_prompt_v2,"通过分析库存台账和库龄表，区分原材料、在制品和产成品，识别库龄超过一年或市场价格大幅下跌的品种。根据成本与可变现净值比较，测算跌价准备金额，并核查减值测试文件和管理层估计合理性，提出适当的计提或调整建议。"
10,LD-001,Model_A_baseline,"部分股东以知识产权出资，可能存在风险，需要核查相关协议和验资报告。"
11,LD-001,Model_B_rag,"法律允许知识产权作价出资，但需经评估并办妥权属转移。应审查验资报告、知识产权评估报告和工商登记记录。还应核实股权转让协议是否经过批准并完成变更登记。"
12,LD-001,Model_C_prompt_v2,"应审核出资方式是否合法，确认知识产权作价入股是否经评估并完成权属转移，查验验资报告、知识产权评估报告和工商变更记录，核实股权转让程序是否符合章程和法律规定。对未完成出资或未变更登记的情况，应提出补救措施，并警示潜在股权纠纷和出资风险。"
13,MED-001,Model_A_baseline,"I期临床试验显示药物安全性可以接受，但样本少，需要进一步研究。"
14,MED-001,Model_B_rag,"I期临床主要评估安全性和药代动力学。试验结果显示安全性良好，但样本量小、缺乏对照，需继续开展下一阶段试验。"
15,MED-001,Model_C_prompt_v2,"I期临床试验的目的是评估药物的安全性、耐受性和药代动力学。根据试验方案及结果摘要，该新药的不良事件多为轻度，主要终点指标在预期范围内。由于样本量有限、随访时间短且缺乏对照，应谨慎解读药效，需要在II期和III期通过随机对照研究进一步验证疗效和长期安全性。"